Sample,Kingdom,Phylum,Class,Order,Family,Genus,Species,S39
S39,Bacteria,Proteobacteria,Betaproteobacteria,Burkholderiales,Oxalobacteraceae,Unknown,Unknown,0.195326055703
S39,No Hit,No Hit,No Hit,No Hit,No Hit,No Hit,No Hit,5.29958257731
S39,Bacteria,Unknown,Unknown,Unknown,Unknown,Unknown,Unknown,16.6284938081
S39,Bacteria,Proteobacteria,Betaproteobacteria,Burkholderiales,Unknown,Unknown,Unknown,0.619689263016
S39,Bacteria,Proteobacteria,Alphaproteobacteria,Rhizobiales,Unknown,Unknown,Unknown,3.15297897023
S39,Bacteria,Actinobacteria,Actinobacteria (class),Actinomycetales,Unknown,Unknown,Unknown,2.12776505349
S39,Bacteria,Proteobacteria,Alphaproteobacteria,Rhodospirillales,Acetobacteraceae,Unknown,Unknown,3.63782384961
S39,Bacteria,Proteobacteria,Alphaproteobacteria,Rhizobiales,Bradyrhizobiaceae,Bradyrhizobium,Unknown,5.62182099408
S39,Bacteria,Acidobacteria,Acidobacteriia,Acidobacteriales,Acidobacteriaceae,Acidobacterium,Acidobacterium sp,9.04746324003
S39,Bacteria,Proteobacteria,Alphaproteobacteria,Unknown,Unknown,Unknown,Unknown,4.04434000615
S39,Bacteria,Actinobacteria,Actinobacteria (class),Actinomycetales,Micrococcaceae,Arthrobacter,Unknown,0.0555241579662
S39,Bacteria,Proteobacteria,Betaproteobacteria,Unknown,Unknown,Unknown,Unknown,0.760482663573
S39,Bacteria,Proteobacteria,Betaproteobacteria,Burkholderiales,Comamonadaceae,Unknown,Unknown,0.0198300564165
S39,Bacteria,Firmicutes,Bacilli,Bacillales,Bacillaceae,Bacillus,Bacillus sp,0.207224089553
S39,Bacteria,Gemmatimonadetes,Gemmatimonadetes (class),Gemmatimonadales,Gemmatimonadaceae,Gemmatimonas,Gemmatimonas sp,0.583995161466
S39,Bacteria,Firmicutes,Bacilli,Bacillales,Bacillaceae,Bacillus,Unknown,0.0882437510535
S39,Bacteria,Actinobacteria,Actinobacteria (class),Solirubrobacterales,Unknown,Unknown,Unknown,1.08272108034
S39,Bacteria,Proteobacteria,Alphaproteobacteria,Caulobacterales,Caulobacteraceae,Unknown,Unknown,0.44419326373
S39,Bacteria,Proteobacteria,Alphaproteobacteria,Rhizobiales,Methylobacteriaceae,Methylobacterium,Methylobacterium sp,0.0218130620582
S39,Bacteria,Bacteroidetes,Sphingobacteriia,Sphingobacteriales,Chitinophagaceae,Segetibacter,Segetibacter sp,0
S39,Bacteria,Proteobacteria,Unknown,Unknown,Unknown,Unknown,Unknown,1.6280476318
S39,Bacteria,Actinobacteria,Actinobacteria (class),Actinomycetales,Microbacteriaceae,Unknown,Unknown,0.954817216455
S39,Bacteria,Proteobacteria,Gammaproteobacteria,Xanthomonadales,Xanthomonadaceae,Unknown,Unknown,0.265722755981
S39,Bacteria,Acidobacteria,Acidobacteriia,Acidobacteriales,Acidobacteriaceae,Unknown,Unknown,0.323229919589
S39,Bacteria,Proteobacteria,Alphaproteobacteria,Sphingomonadales,Sphingomonadaceae,Unknown,Unknown,0.0466006325788
S39,Bacteria,Actinobacteria,Actinobacteria (class),Actinomycetales,Micrococcaceae,Arthrobacter,Arthrobacter sp,0.553258574021
S39,Bacteria,Actinobacteria,Actinobacteria (class),Actinomycetales,Streptomycetaceae,Streptomyces,Streptomyces sp,24.3582497992
S39,Bacteria,Proteobacteria,Alphaproteobacteria,Rhizobiales,Bradyrhizobiaceae,Unknown,Unknown,0.14376790902
S39,Bacteria,Actinobacteria,Actinobacteria (class),Actinomycetales,Streptomycetaceae,Streptomyces,Unknown,0.400567139614
S39,Bacteria,Proteobacteria,Gammaproteobacteria,Pseudomonadales,Moraxellaceae,Acinetobacter,Unknown,0
S39,Bacteria,Firmicutes,Clostridia,Clostridiales,Clostridiaceae,Clostridium,Unknown,0.193343050061
S39,Bacteria,Bacteroidetes,Unknown,Unknown,Unknown,Unknown,Unknown,0.0208215592373
S39,Bacteria,Proteobacteria,Gammaproteobacteria,Pseudomonadales,Pseudomonadaceae,Pseudomonas,Unknown,0
S39,Bacteria,Bacteroidetes,Sphingobacteriia,Sphingobacteriales,Chitinophagaceae,Unknown,Unknown,0.0158640451332
S39,Bacteria,Proteobacteria,Betaproteobacteria,Burkholderiales,Burkholderiaceae,Burkholderia,Burkholderia sp,2.2378218666
S39,Bacteria,Proteobacteria,Betaproteobacteria,Burkholderiales,Oxalobacteraceae,Janthinobacterium,Unknown,0.00892352538743
S39,Bacteria,Proteobacteria,Betaproteobacteria,Burkholderiales,Burkholderiaceae,Ralstonia,Ralstonia sp,0
S39,Bacteria,Proteobacteria,Betaproteobacteria,Neisseriales,Neisseriaceae,Unknown,Unknown,0
S39,Bacteria,Proteobacteria,Betaproteobacteria,Nitrosomonadales,Nitrosomonadaceae,Nitrosovibrio,Nitrosovibrio sp,1.40198498865
S39,Bacteria,Actinobacteria,Actinobacteria (class),Solirubrobacterales,Solirubrobacteraceae,Solirubrobacter,Solirubrobacter sp,0.116005830037
S39,Bacteria,Acidobacteria,Unknown,Unknown,Unknown,Unknown,Unknown,0.203258078269
S39,Bacteria,Bacteroidetes,Sphingobacteriia,Sphingobacteriales,Sphingobacteriaceae,Unknown,Unknown,0.0406516156538
S39,Bacteria,Bacteroidetes,Sphingobacteriia,Sphingobacteriales,Chitinophagaceae,Chitinophaga,Chitinophaga sp,0.254816224952
S39,Bacteria,Proteobacteria,Gammaproteobacteria,Pseudomonadales,Pseudomonadaceae,Pseudomonas,Pseudomonas sp,0.00694051974578
S39,Bacteria,Bacteroidetes,Sphingobacteriia,Sphingobacteriales,Chitinophagaceae,Flavisolibacter,Unknown,0.0406516156538
S39,Bacteria,Bacteroidetes,Flavobacteriia,Flavobacteriales,Flavobacteriaceae,Flavobacterium,Unknown,0
S39,Bacteria,Firmicutes,Bacilli,Bacillales,Unknown,Unknown,Unknown,1.10354263958
S39,Bacteria,Proteobacteria,Betaproteobacteria,Burkholderiales,Burkholderiaceae,Unknown,Unknown,0.00297450846248
S39,Bacteria,Planctomycetes,Planctomycetia,Planctomycetales,Planctomycetaceae,Pirellula,Pirellula sp,0.0694051974578
S39,Bacteria,Bacteroidetes,Sphingobacteriia,Sphingobacteriales,Sphingobacteriaceae,Pedobacter,Unknown,0.00198300564165
S39,Bacteria,Actinobacteria,Actinobacteria (class),Actinomycetales,Streptomycetaceae,Unknown,Unknown,6.35454157867
S39,Bacteria,Actinobacteria,Actinobacteria (class),Actinomycetales,Mycobacteriaceae,Mycobacterium,Unknown,0.141784903378
S39,Bacteria,Bacteroidetes,Sphingobacteriia,Sphingobacteriales,Unknown,Unknown,Unknown,0.232011660073
S39,Bacteria,Proteobacteria,Betaproteobacteria,Burkholderiales,Comamonadaceae,Variovorax,Unknown,0.0198300564165
S39,Bacteria,Proteobacteria,Alphaproteobacteria,Parvularculales,Parvularculaceae,Parvularcula,Parvularcula sp,0.472946845534
S39,Bacteria,Proteobacteria,Alphaproteobacteria,Rhodospirillales,Acetobacteraceae,Paracraurococcus,Paracraurococcus sp,0.0218130620582
S39,Bacteria,Proteobacteria,Betaproteobacteria,Burkholderiales,Oxalobacteraceae,Herbaspirillum,Unknown,0.0039660112833
S39,Bacteria,Bacteroidetes,Cytophagia,Cytophagales,Cytophagaceae,Unknown,Unknown,0
S39,Bacteria,Proteobacteria,Betaproteobacteria,Rhodocyclales,Rhodocyclaceae,Unknown,Unknown,0.000991502820826
S39,Bacteria,Firmicutes,Clostridia,Clostridiales,Clostridiaceae,Clostridium,Clostridium sp,0.0109065310291
S39,Bacteria,Actinobacteria,Actinobacteria (class),Actinomycetales,Frankiaceae,Frankia,Frankia sp,0
S39,Bacteria,Firmicutes,Clostridia,Clostridiales,Unknown,Unknown,Unknown,0
S39,Bacteria,Acidobacteria,Acidobacteriia,Acidobacteriales,Acidobacteriaceae,Edaphobacter,Unknown,0.0287535818039
S39,Bacteria,Proteobacteria,Alphaproteobacteria,Rhizobiales,Rhizobiaceae,Unknown,Unknown,0.0287535818039
S39,Bacteria,Bacteroidetes,Flavobacteriia,Flavobacteriales,Flavobacteriaceae,Flavobacterium,Flavobacterium sp,0
S39,Bacteria,Chloroflexi,Ktedonobacteria,Ktedonobacterales,Thermosporotrichaceae,Thermosporothrix,Thermosporothrix sp,0.0257790733415
S39,Bacteria,Actinobacteria,Actinobacteria (class),Actinomycetales,Nocardioidaceae,Friedmanniella,Unknown,0
S39,Bacteria,Proteobacteria,Alphaproteobacteria,Rhizobiales,Phyllobacteriaceae,Mesorhizobium,Unknown,0.181445016211
S39,Bacteria,Proteobacteria,Gammaproteobacteria,Aeromonadales,Aeromonadaceae,Aeromonas,Unknown,0
S39,Bacteria,Proteobacteria,Alphaproteobacteria,Rhizobiales,Rhizobiaceae,Rhizobium,Rhizobium sp,0.0604816720704
S39,Bacteria,Actinobacteria,Actinobacteria (class),Actinomycetales,Nakamurellaceae,Unknown,Unknown,0.0138810394916
S39,Bacteria,Proteobacteria,Alphaproteobacteria,Rhodobacterales,Rhodobacteraceae,Unknown,Unknown,0
S39,Bacteria,Proteobacteria,Betaproteobacteria,Burkholderiales,Alcaligenaceae,Derxia,Derxia sp,0.00991502820826
S39,Bacteria,Actinobacteria,Actinobacteria (class),Solirubrobacterales,Patulibacteraceae,Patulibacter,Patulibacter sp,0.478895862459
S39,Bacteria,Firmicutes,Bacilli,Bacillales,Paenibacillaceae,Paenibacillus,Unknown,0.482861873742
S39,Bacteria,Proteobacteria,Alphaproteobacteria,Rhodospirillales,Rhodospirillaceae,Unknown,Unknown,0.0158640451332
S39,Bacteria,Proteobacteria,Deltaproteobacteria,Myxococcales,Unknown,Unknown,Unknown,0.00694051974578
S39,Bacteria,Proteobacteria,Alphaproteobacteria,Sphingomonadales,Sphingomonadaceae,Sphingomonas,Sphingomonas sp,0.00198300564165
S39,Bacteria,Actinobacteria,Actinobacteria (class),Solirubrobacterales,Solirubrobacteraceae,Solirubrobacter,Unknown,0.0902267566951
S39,Bacteria,Actinobacteria,Actinobacteria (class),Actinomycetales,Intrasporangiaceae,Unknown,Unknown,0
S39,Bacteria,Bacteroidetes,Sphingobacteriia,Sphingobacteriales,Chitinophagaceae,Segetibacter,Unknown,0
S39,Bacteria,Nitrospirae,Nitrospira (class),Nitrospirales,Nitrospiraceae,Nitrospira,Nitrospira sp,0.0307365874456
S39,Bacteria,Verrucomicrobia,Unknown,Unknown,Unknown,Unknown,Unknown,0.0337110959081
S39,Bacteria,Actinobacteria,Actinobacteria (class),Actinomycetales,Cryptosporangiaceae,Cryptosporangium,Cryptosporangium minutisporangium,0
S39,Bacteria,Proteobacteria,Gammaproteobacteria,Pseudomonadales,Moraxellaceae,Psychrobacter,Unknown,0
S39,Bacteria,Proteobacteria,Alphaproteobacteria,Rhizobiales,Methylobacteriaceae,Methylobacterium,Unknown,0.000991502820826
S39,Bacteria,Firmicutes,Bacilli,Bacillales,Planococcaceae,Planococcus,Planococcus sp,0
S39,Bacteria,Tenericutes,Mollicutes,Mollicutes (family),Mollicutes (family) (family),Mollicutes (genus),Mollicutes sp,0
S39,Bacteria,Firmicutes,Bacilli,Bacillales,Alicyclobacillaceae,Alicyclobacillus,Unknown,0
S39,Bacteria,Actinobacteria,Actinobacteria (class),Actinomycetales,Micromonosporaceae,Unknown,Unknown,0.37280506063
S39,Bacteria,Proteobacteria,Alphaproteobacteria,Rhizobiales,Methylobacteriaceae,Unknown,Unknown,0
S39,Bacteria,Firmicutes,Bacilli,Bacillales,Planococcaceae,Unknown,Unknown,0
S39,Bacteria,Proteobacteria,Gammaproteobacteria,Pseudomonadales,Moraxellaceae,Acinetobacter,Acinetobacter sp,0
S39,Bacteria,Acidobacteria,Holophagae,Holophagales,Holophagaceae,Holophaga,Holophaga sp,0.0664306889953
S39,Bacteria,Proteobacteria,Alphaproteobacteria,Rhizobiales,Rhizobiaceae,Rhizobium,Unknown,0
S39,Bacteria,Firmicutes,Unknown,Unknown,Unknown,Unknown,Unknown,0
S39,Bacteria,Proteobacteria,Alphaproteobacteria,Rhodospirillales,Acetobacteraceae,Acidisphaera,Acidisphaera sp,0.0039660112833
S39,Bacteria,Bacteroidetes,Cytophagia,Cytophagales,Unknown,Unknown,Unknown,0
S39,Bacteria,Firmicutes,Bacilli,Bacillales,Paenibacillaceae,Paenibacillus,Paenibacillus sp,0.0218130620582
S39,Bacteria,Cyanobacteria,Cyanobacteria (class),Unknown,Unknown,Unknown,Unknown,0
S39,Bacteria,Proteobacteria,Betaproteobacteria,Burkholderiales,Burkholderiaceae,Burkholderia,Unknown,0.00495751410413
S39,Bacteria,Proteobacteria,Alphaproteobacteria,Rhizobiales,Hyphomicrobiaceae,Hyphomicrobium,Hyphomicrobium sp,0.00694051974578
S39,Bacteria,Firmicutes,Clostridia,Clostridiales,Eubacteriaceae,Eubacterium,Eubacterium sp,0.0902267566951
S39,Bacteria,Chloroflexi,Chloroflexi (class),Chloroflexales,Chloroflexaceae,Chloroflexus,Chloroflexus sp,0
S39,Bacteria,Actinobacteria,Actinobacteria (class),Actinomycetales,Nocardioidaceae,Unknown,Unknown,0
S39,Bacteria,Deinococcus-Thermus,Deinococci,Deinococcales,Deinococcaceae,Deinococcus,Deinococcus sp,0
S39,Bacteria,Proteobacteria,Gammaproteobacteria,Unknown,Unknown,Unknown,Unknown,0.00594901692495
S39,Bacteria,Chloroflexi,Ktedonobacteria,Ktedonobacterales,Ktedonobacteraceae,Ktedonobacter,Ktedonobacter sp,0.00892352538743
S39,Bacteria,Firmicutes,Bacilli,Bacillales,Planococcaceae,Planococcus,Unknown,0
S39,Bacteria,Proteobacteria,Betaproteobacteria,Nitrosomonadales,Nitrosomonadaceae,Nitrosospira,Nitrosospira sp,0.0267705761623
S39,Bacteria,Proteobacteria,Alphaproteobacteria,Sphingomonadales,Unknown,Unknown,Unknown,0.000991502820826
S39,Bacteria,Proteobacteria,Alphaproteobacteria,Caulobacterales,Caulobacteraceae,Brevundimonas,Unknown,0
S39,Bacteria,Proteobacteria,Betaproteobacteria,Burkholderiales,Oxalobacteraceae,Herbaspirillum,Herbaspirillum sp,0
S39,Bacteria,Bacteroidetes,Cytophagia,Cytophagales,Cytophagaceae,Pontibacter,Unknown,0
S39,Bacteria,Firmicutes,Bacilli,Bacillales,Paenibacillaceae,Unknown,Unknown,0
S39,Bacteria,Proteobacteria,Alphaproteobacteria,Caulobacterales,Caulobacteraceae,Brevundimonas,Brevundimonas sp,0.00198300564165
S39,Bacteria,Cyanobacteria,Cyanobacteria (class),Oscillatoriales,Oscillatoriales (family),Unknown,Unknown,0
S39,Bacteria,Bacteroidetes,Sphingobacteriia,Sphingobacteriales,Sphingobacteriaceae,Sphingobacterium,Sphingobacterium sp,0.00694051974578
S39,Bacteria,Proteobacteria,Betaproteobacteria,Burkholderiales,Alcaligenaceae,Unknown,Unknown,0.00892352538743
S39,Bacteria,Proteobacteria,Gammaproteobacteria,Xanthomonadales,Sinobacteraceae,Steroidobacter,Steroidobacter sp,0
S39,Bacteria,Proteobacteria,Alphaproteobacteria,Rhizobiales,Bradyrhizobiaceae,Bradyrhizobium,Bradyrhizobium sp,0.0118980338499
S39,Bacteria,Firmicutes,Bacilli,Bacillales,Bacillaceae,Bacillus,Bacillus funiculus,0
S39,Bacteria,Proteobacteria,Betaproteobacteria,Rhodocyclales,Rhodocyclaceae,Dechloromonas,Unknown,0
S39,Bacteria,TM7,TM7 (class),TM7 (order),TM7 (family),TM7 (genus),TM7 uncultured,0.00297450846248
S39,Bacteria,Acidobacteria,Acidobacteriia,Acidobacteriales,Acidobacteriaceae,Terriglobus,Terriglobus roseus,1.1283302101
S39,Bacteria,Actinobacteria,Actinobacteria (class),Rubrobacterales,Rubrobacteraceae,Rubrobacter,Unknown,0
S39,Bacteria,Proteobacteria,Alphaproteobacteria,Sphingomonadales,Erythrobacteraceae,Unknown,Unknown,0
S39,Bacteria,Bacteroidetes,Flavobacteriia,Flavobacteriales,Flavobacteriaceae,Unknown,Unknown,0.000991502820826
S39,Bacteria,Actinobacteria,Actinobacteria (class),Actinomycetales,Micromonosporaceae,Actinoplanes,Actinoplanes sp,0.0317280902664
S39,Bacteria,Actinobacteria,Actinobacteria (class),Actinomycetales,Thermomonosporaceae,Unknown,Unknown,0
S39,Bacteria,Actinobacteria,Actinobacteria (class),Unknown,Unknown,Unknown,Unknown,0.022804564879
S39,Bacteria,Proteobacteria,Alphaproteobacteria,Sphingomonadales,Sphingomonadaceae,Sphingomonas,Unknown,0.00198300564165
S39,Bacteria,Acidobacteria,Acidobacteriia,Acidobacteriales,Acidobacteriaceae,Edaphobacter,Edaphobacter sp,0.0198300564165
S39,Bacteria,Proteobacteria,Betaproteobacteria,Burkholderiales,Burkholderiales (family),Paucibacter,Unknown,0
S39,Bacteria,Chloroflexi,Chloroflexi (class),Chloroflexales,Chloroflexaceae,Roseiflexus,Roseiflexus sp,0.0317280902664
S39,Bacteria,Proteobacteria,Alphaproteobacteria,Rhodospirillales,Acetobacteraceae,Stella,Unknown,0.000991502820826
S39,Bacteria,Actinobacteria,Actinobacteria (class),Actinomycetales,Propionibacteriaceae,Unknown,Unknown,0
S39,Bacteria,Actinobacteria,Actinobacteria (class),Actinomycetales,Nocardioidaceae,Aeromicrobium,Unknown,0
S39,Bacteria,Firmicutes,Bacilli,Bacillales,Staphylococcaceae,Staphylococcus,Unknown,0
S39,Bacteria,Bacteroidetes,Cytophagia,Cytophagales,Cytophagaceae,Adhaeribacter,Unknown,0
S39,Bacteria,Proteobacteria,Betaproteobacteria,Burkholderiales,Comamonadaceae,Schlegelella,Schlegelella thermodepolymerans,0
S39,Bacteria,Proteobacteria,Betaproteobacteria,Burkholderiales,Comamonadaceae,Hydrogenophaga,Hydrogenophaga sp,0
S39,Bacteria,Acidobacteria,Acidobacteria (class),Acidobacteria (order),Acidobacteria (family),Koribacter,Koribacter sp,0.016855547954
S39,Bacteria,Actinobacteria,Actinobacteria (class),Actinomycetales,Geodermatophilaceae,Blastococcus,Unknown,0
S39,Bacteria,Bacteroidetes,Bacteroidia,Bacteroidales,Porphyromonadaceae,Proteiniphilum,Proteiniphilum sp,0
S39,Bacteria,Actinobacteria,Actinobacteria (class),Actinomycetales,Pseudonocardiaceae,Unknown,Unknown,0
S39,Bacteria,Proteobacteria,Alphaproteobacteria,Rhizobiales,Rhizobiaceae,Agrobacterium,Agrobacterium tumefaciens,0.00297450846248
S39,Bacteria,Proteobacteria,Betaproteobacteria,Burkholderiales,Oxalobacteraceae,Massilia,Unknown,0
S39,Bacteria,Firmicutes,Bacilli,Bacillales,Paenibacillaceae,Brevibacillus,Unknown,0
S39,Bacteria,Proteobacteria,Betaproteobacteria,Burkholderiales,Comamonadaceae,Variovorax,Variovorax sp,0
S39,Bacteria,Acidobacteria,Acidobacteriia,Acidobacteriales,Acidobacteriaceae,Terriglobus,Unknown,0.0198300564165
S39,Bacteria,Deinococcus-Thermus,Deinococci,Deinococcales,Deinococcaceae,Deinococcus,Unknown,0
S39,Bacteria,Proteobacteria,Alphaproteobacteria,Rhizobiales,Hyphomicrobiaceae,Unknown,Unknown,0
S39,Bacteria,Proteobacteria,Gammaproteobacteria,Xanthomonadales,Sinobacteraceae,Steroidobacter,Unknown,0
S39,Bacteria,Bacteroidetes,Sphingobacteriia,Sphingobacteriales,Sphingobacteriaceae,Mucilaginibacter,Unknown,0.000991502820826
S39,Bacteria,Bacteroidetes,Sphingobacteriia,Sphingobacteriales,Chitinophagaceae,Chitinophaga,Unknown,0
S39,Bacteria,Proteobacteria,Betaproteobacteria,Burkholderiales,Burkholderiaceae,Chitinimonas,Chitinimonas taiwanensis,0
S39,Bacteria,Proteobacteria,Alphaproteobacteria,Rhizobiales,Hyphomicrobiaceae,Hyphomicrobium,Unknown,0.00495751410413
S39,Bacteria,Proteobacteria,Gammaproteobacteria,Enterobacteriales,Enterobacteriaceae,Unknown,Unknown,0
S39,Bacteria,Proteobacteria,Alphaproteobacteria,Rhodospirillales,Acetobacteraceae,Roseomonas,Unknown,0
S39,Bacteria,Gemmatimonadetes,Gemmatimonadetes (class),Gemmatimonadales,Gemmatimonadaceae,Gemmatimonas,Unknown,0
S39,Bacteria,Proteobacteria,Alphaproteobacteria,Rhodospirillales,Acetobacteraceae,Paracraurococcus,Unknown,0
S39,Bacteria,Proteobacteria,Deltaproteobacteria,Myxococcales,Myxococcaceae,Anaeromyxobacter,Anaeromyxobacter sp,0.00198300564165
S39,Bacteria,Actinobacteria,Actinobacteria (class),Actinomycetales,Mycobacteriaceae,Mycobacterium,Mycobacterium sp,0.00297450846248
S39,Bacteria,Actinobacteria,Actinobacteria (class),Solirubrobacterales,Patulibacteraceae,Patulibacter,Unknown,0
S39,Bacteria,Proteobacteria,Alphaproteobacteria,Rhodospirillales,Rhodospirillaceae,Azospirillum,Unknown,0
S39,Bacteria,Actinobacteria,Actinobacteria (class),Actinomycetales,Nocardioidaceae,Nocardioides,Unknown,0
S39,Bacteria,Bacteroidetes,Sphingobacteriia,Sphingobacteriales,Chitinophagaceae,Niastella,Niastella sp,0.000991502820826
S39,Bacteria,Chloroflexi,Ktedonobacteria,Ktedonobacterales,Ktedonobacteraceae,Ktedonobacter,Ktedonobacter racemifer,0
S39,Bacteria,Firmicutes,Bacilli,Bacillales,Bacillaceae,Bacillus,Bacillus megaterium,0
S39,Bacteria,Actinobacteria,Actinobacteria (class),Solirubrobacterales,Conexibacteraceae,Conexibacter,Unknown,0.00694051974578
S39,Bacteria,Proteobacteria,Deltaproteobacteria,Unknown,Unknown,Unknown,Unknown,0.0178470507749
S39,Bacteria,Proteobacteria,Alphaproteobacteria,Rhodospirillales,Acetobacteraceae,Stella,Stella sp,0.30042535471
S39,Bacteria,Proteobacteria,Betaproteobacteria,Rhodocyclales,Rhodocyclaceae,Dechloromonas,Dechloromonas sp,0
S39,Bacteria,Cyanobacteria,Cyanobacteria (class),Oscillatoriales,Oscillatoriales (family),Phormidium,Phormidium priestleyi,0
S39,Bacteria,Proteobacteria,Alphaproteobacteria,Rhizobiales,Bradyrhizobiaceae,Rhodopseudomonas,Unknown,0
S39,Bacteria,Actinobacteria,Actinobacteria (class),Actinomycetales,Microbacteriaceae,Microbacterium,Unknown,0
S39,Bacteria,Proteobacteria,Alphaproteobacteria,Sphingomonadales,Sphingomonadaceae,Sphingobium,Sphingobium sp,0.000991502820826
S39,Bacteria,Actinobacteria,Actinobacteria (class),Actinomycetales,Micromonosporaceae,Actinoplanes,Unknown,0
S39,Bacteria,Proteobacteria,Betaproteobacteria,Burkholderiales,Burkholderiaceae,Chitinimonas,Unknown,0
S39,Bacteria,Actinobacteria,Actinobacteria (class),Actinomycetales,Nocardiaceae,Rhodococcus,Unknown,0
S39,Bacteria,Proteobacteria,Gammaproteobacteria,Thiotrichales,Thiotrichaceae,Beggiatoa,Beggiatoa sp,0
S39,Bacteria,Proteobacteria,Betaproteobacteria,Methylophilales,Methylophilaceae,Methylophilus,Methylophilus sp,0
S39,Bacteria,Actinobacteria,Actinobacteria (class),Solirubrobacterales,Conexibacteraceae,Conexibacter,Conexibacter sp,0.000991502820826
S39,Bacteria,Proteobacteria,Betaproteobacteria,Burkholderiales,Comamonadaceae,Hylemonella,Hylemonella sp,0.000991502820826
S39,Bacteria,Proteobacteria,Deltaproteobacteria,Bdellovibrionales,Bdellovibrionaceae,Bdellovibrio,Bdellovibrio sp,0
S39,Bacteria,Proteobacteria,Gammaproteobacteria,Chromatiales,Chromatiaceae,Rheinheimera,Unknown,0
S39,Bacteria,Bacteroidetes,Cytophagia,Cytophagales,Cytophagaceae,Hymenobacter,Hymenobacter sp,0
S39,Bacteria,Actinobacteria,Actinobacteria (class),Acidimicrobiales,Iamiaceae,Iamia,Iamia majanohamensis,0.00198300564165
S39,Bacteria,Proteobacteria,Betaproteobacteria,Rhodocyclales,Rhodocyclaceae,Azonexus,Azonexus sp,0.0039660112833
S39,Bacteria,Bacteroidetes,Flavobacteriia,Flavobacteriales,Cryomorphaceae,Fluviicola,Fluviicola sp,0
S39,Bacteria,Bacteroidetes,Cytophagia,Cytophagales,Cytophagaceae,Flexibacter,Flexibacter sp,0
S39,Bacteria,Bacteroidetes,Cytophagia,Cytophagales,Cytophagaceae,Hymenobacter,Unknown,0
S39,Bacteria,Actinobacteria,Actinobacteria (class),Actinomycetales,Geodermatophilaceae,Modestobacter,Modestobacter sp,0
S39,Bacteria,Proteobacteria,Deltaproteobacteria,Myxococcales,Polyangiaceae,Unknown,Unknown,0.016855547954
S39,Bacteria,Bacteroidetes,Bacteroidia,Bacteroidales,Bacteroidaceae,Bacteroides,Bacteroides sp,0
S39,Bacteria,Bacteroidetes,Sphingobacteriia,Sphingobacteriales,Sphingobacteriaceae,Mucilaginibacter,Mucilaginibacter sp,0.0039660112833
S39,Bacteria,Planctomycetes,Planctomycetia,Planctomycetales,Planctomycetaceae,Gemmata,Gemmata sp,0.0118980338499
S39,Bacteria,Proteobacteria,Betaproteobacteria,Burkholderiales,Comamonadaceae,Schlegelella,Schlegelella sp,0
S39,Bacteria,Proteobacteria,Gammaproteobacteria,Xanthomonadales,Xanthomonadaceae,Stenotrophomonas,Unknown,0
S39,Bacteria,Proteobacteria,Deltaproteobacteria,Myxococcales,Kofleriaceae,Kofleria,Kofleria sp,0.0039660112833
S39,Bacteria,Proteobacteria,Alphaproteobacteria,Rhodospirillales,Acetobacteraceae,Gluconobacter,Gluconobacter oxydans,0
S39,Bacteria,Actinobacteria,Actinobacteria (class),Actinomycetales,Intrasporangiaceae,Janibacter,Unknown,0
S39,Bacteria,Actinobacteria,Actinobacteria (class),Actinomycetales,Geodermatophilaceae,Geodermatophilus,Unknown,0
S39,Bacteria,Proteobacteria,Alphaproteobacteria,Rhodospirillales,Acetobacteraceae,Acidisphaera,Unknown,0.617706257374
S39,Bacteria,Acidobacteria,Solibacteres,Solibacterales,Solibacteraceae,Solibacter,Unknown,0.00297450846248
S39,Bacteria,Proteobacteria,Deltaproteobacteria,Myxococcales,Polyangiaceae,Sorangium,Sorangium cellulosum,0.0188385535957
S39,Bacteria,Bacteroidetes,Bacteroidia,Bacteroidales,Unknown,Unknown,Unknown,0.00198300564165
S39,Bacteria,Acidobacteria,Acidobacteriia,Acidobacteriales,Acidobacteriaceae,Acidobacterium,Unknown,0
S39,Bacteria,Proteobacteria,Betaproteobacteria,Burkholderiales,Alcaligenaceae,Achromobacter,Unknown,0
S39,Bacteria,Bacteroidetes,Bacteroidia,Bacteroidales,Marinilabiliaceae,Alkaliflexus,Alkaliflexus sp,0.0188385535957
S39,Bacteria,Actinobacteria,Actinobacteria (class),Actinomycetales,Propionibacteriaceae,Microlunatus,Unknown,0
S39,Bacteria,Proteobacteria,Alphaproteobacteria,Rhodospirillales,Acetobacteraceae,Roseomonas,Roseomonas sp,0
S39,Bacteria,Proteobacteria,Alphaproteobacteria,Rhodospirillales,Rhodospirillaceae,Azospirillum,Azospirillum sp,0
S39,Bacteria,Actinobacteria,Actinobacteria (class),Actinomycetales,Sporichthyaceae,Sporichthya,Sporichthya polymorpha,0.00694051974578
S39,Bacteria,Proteobacteria,Alphaproteobacteria,Rhodobacterales,Rhodobacteraceae,Paracoccus,Unknown,0
S39,Bacteria,Proteobacteria,Alphaproteobacteria,Rhodospirillales,Rhodospirillaceae,Nisaea,Nisaea sp,0.00198300564165
S39,Bacteria,Bacteroidetes,Cytophagia,Cytophagales,Cytophagaceae,Cytophaga,Cytophaga sp,0
S39,Bacteria,Actinobacteria,Actinobacteria (class),Actinomycetales,Microbacteriaceae,Microbacterium,Microbacterium sp,0
S39,Bacteria,Firmicutes,Erysipelotrichia,Erysipelotrichales,Erysipelotrichaceae,Holdemania,Holdemania filiformis,0
S39,Bacteria,Proteobacteria,Alphaproteobacteria,Rhizobiales,Rhizobiaceae,Agrobacterium,Unknown,0
S39,Bacteria,Proteobacteria,Deltaproteobacteria,Syntrophobacterales,Syntrophobacteraceae,Desulforhabdus,Desulforhabdus sp,0
S39,Bacteria,Cyanobacteria,Cyanobacteria (class),Pleurocapsales,Pleurocapsales (family),Unknown,Unknown,0
S39,Bacteria,Proteobacteria,Alphaproteobacteria,Rhodospirillales,Rhodospirillaceae,Inquilinus,Inquilinus sp,0
S39,Bacteria,Planctomycetes,Unknown,Unknown,Unknown,Unknown,Unknown,0
S39,Bacteria,Proteobacteria,Deltaproteobacteria,Desulfuromonadales,Geobacteraceae,Geobacter,Geobacter sp,0
S39,Bacteria,Acidobacteria,Solibacteres,Solibacterales,Solibacteraceae,Solibacter,Solibacter sp,0
S39,Bacteria,Cyanobacteria,Cyanobacteria (class),Nostocales,Nostocaceae,Nostoc,Nostoc commune,0
S39,Bacteria,Bacteroidetes,Cytophagia,Cytophagales,Cytophagaceae,Cytophaga,Cytophaga hutchinsonii,0
S39,Bacteria,Bacteroidetes,Sphingobacteriia,Sphingobacteriales,Sphingobacteriaceae,Sphingoterrabacterium,Sphingoterrabacterium sp,0
S39,Bacteria,Actinobacteria,Actinobacteria (class),Actinomycetales,Intrasporangiaceae,Tetrasphaera,Tetrasphaera remsis,0
S39,Bacteria,Actinobacteria,Actinobacteria (class),Actinomycetales,Nocardiaceae,Unknown,Unknown,0.00198300564165
S39,Bacteria,Firmicutes,Bacilli,Bacillales,Planococcaceae,Sporosarcina,Unknown,0.0337110959081
S39,Bacteria,Cyanobacteria,Unknown,Unknown,Unknown,Unknown,Unknown,0
S39,Bacteria,Bacteroidetes,Cytophagia,Cytophagales,Cytophagaceae,Spirosoma,Unknown,0
S39,Bacteria,Firmicutes,Bacilli,Bacillales,Bacillales (family),Exiguobacterium,Unknown,0
S39,Bacteria,Actinobacteria,Actinobacteria (class),Thermoleophilales,Thermoleophilaceae,Thermoleophilum,Thermoleophilum album,0.000991502820826
S39,Bacteria,Proteobacteria,Alphaproteobacteria,Rhizobiales,Phyllobacteriaceae,Unknown,Unknown,0
S39,Bacteria,Proteobacteria,Deltaproteobacteria,Myxococcales,Polyangiaceae,Chondromyces,Chondromyces sp,0
S39,Bacteria,Actinobacteria,Actinobacteria (class),Actinomycetales,Geodermatophilaceae,Modestobacter,Unknown,0.00198300564165
S39,Bacteria,Planctomycetes,Planctomycetia,Planctomycetales,Planctomycetaceae,Unknown,Unknown,0
S39,Bacteria,Proteobacteria,Gammaproteobacteria,Xanthomonadales,Xanthomonadaceae,Lysobacter,Unknown,0
S39,Bacteria,Proteobacteria,Deltaproteobacteria,Desulfuromonadales,Geobacteraceae,Unknown,Unknown,0
S39,Bacteria,Chloroflexi,Unknown,Unknown,Unknown,Unknown,Unknown,0
S39,Bacteria,Proteobacteria,Alphaproteobacteria,Rhodobacterales,Rhodobacteraceae,Paracoccus,Paracoccus sp,0
S39,Bacteria,Chloroflexi,Thermomicrobia,Thermomicrobiales,Thermomicrobiaceae,Kouleothrix,Kouleothrix aurantiaca,0
S39,Bacteria,Actinobacteria,Actinobacteria (class),Actinomycetales,Pseudonocardiaceae,Pseudonocardia,Unknown,0.0158640451332
S39,Bacteria,Proteobacteria,Deltaproteobacteria,Bdellovibrionales,Unknown,Unknown,Unknown,0
S39,Bacteria,Proteobacteria,Betaproteobacteria,Burkholderiales,Oxalobacteraceae,Massilia,Massilia sp,0
S39,Bacteria,Firmicutes,Bacilli,Lactobacillales,Carnobacteriaceae,Carnobacterium,Carnobacterium sp,0
S39,Bacteria,Firmicutes,Clostridia,Halanaerobiales,Halanaerobiaceae,Halothermothrix,Halothermothrix sp,0
S39,Bacteria,Deinococcus-Thermus,Deinococci,Thermales,Thermaceae,Marinithermus,Marinithermus sp,0.00198300564165
S39,Bacteria,Firmicutes,Clostridia,Clostridiales,Clostridiales (family),Fusibacter,Fusibacter sp,0
S39,Bacteria,Bacteroidetes,Cytophagia,Cytophagales,Cyclobacteriaceae,Aquiflexum,Aquiflexum sp,0
S39,Bacteria,Bacteroidetes,Sphingobacteriia,Sphingobacteriales,Chitinophagaceae,Flavisolibacter,Flavisolibacter sp,0
S39,Bacteria,Proteobacteria,Betaproteobacteria,Rhodocyclales,Rhodocyclaceae,Zoogloea,Unknown,0
S39,Bacteria,Chloroflexi,Chloroflexi (class),Herpetosiphonales,Herpetosiphonaceae,Herpetosiphon,Herpetosiphon sp,0
S39,Bacteria,Proteobacteria,Alphaproteobacteria,Rhodospirillales,Rhodospirillaceae,Azospirillum,Azospirillum amazonense,0.000991502820826
S39,Bacteria,Proteobacteria,Betaproteobacteria,Rhodocyclales,Rhodocyclaceae,Zoogloea,Zoogloea resiniphila,0
S39,Bacteria,Proteobacteria,Alphaproteobacteria,Rhodospirillales,Acetobacteraceae,Acidomonas,Acidomonas methanolica,0
S39,Bacteria,Proteobacteria,Alphaproteobacteria,Alphaproteobacteria (order),Alphaproteobacteria (family),Unknown,Unknown,0
S39,Bacteria,Proteobacteria,Deltaproteobacteria,Desulfuromonadales,Pelobacteraceae,Pelobacter,Pelobacter sp,0
S39,Bacteria,Actinobacteria,Actinobacteria (class),Actinomycetales,Geodermatophilaceae,Blastococcus,Blastococcus sp,0
S39,Bacteria,Bacteroidetes,Sphingobacteriia,Sphingobacteriales,Chitinophagaceae,Terrimonas,Terrimonas sp,0
S39,Bacteria,Bacteroidetes,Flavobacteriia,Flavobacteriales,Flavobacteriaceae,Chryseobacterium,Unknown,0
S39,Bacteria,Planctomycetes,Phycisphaerae,Phycisphaerales,Phycisphaeraceae,Phycisphaera,Phycisphaera sp,0
S39,Bacteria,Chloroflexi,Caldilineae,Caldilineales,Caldilineaceae,Caldilinea,Caldilinea sp,0
S39,Bacteria,Actinobacteria,Actinobacteria (class),Acidimicrobiales,Acidimicrobiaceae,Acidimicrobium,Acidimicrobium sp,0
S39,Bacteria,Planctomycetes,Planctomycetia,Planctomycetales,Planctomycetaceae,Gemmata,Unknown,0
S39,Bacteria,Actinobacteria,Actinobacteria (class),Thermoleophilales,Thermoleophilaceae,Thermoleophilum,Unknown,0
S39,Bacteria,Bacteroidetes,Sphingobacteriia,Sphingobacteriales,Sphingobacteriaceae,Pedobacter,Pedobacter sp,0
S39,Bacteria,Proteobacteria,Betaproteobacteria,Neisseriales,Neisseriaceae,Silvimonas,Unknown,0
S39,Bacteria,Proteobacteria,Alphaproteobacteria,Rhodospirillales,Rhodospirillaceae,Defluviicoccus,Defluviicoccus sp,0
S39,Bacteria,Proteobacteria,Alphaproteobacteria,Rhizobiales,Rhizobiaceae,Agrobacterium,Agrobacterium sp,0
S39,Bacteria,Actinobacteria,Actinobacteria (class),Actinomycetales,Streptosporangiaceae,Streptosporangium,Streptosporangium sp,0
S39,Bacteria,Proteobacteria,Alphaproteobacteria,Rhodobacterales,Rhodobacteraceae,Rhodobacter,Unknown,0
S39,Bacteria,Proteobacteria,Alphaproteobacteria,Sphingomonadales,Sphingomonadaceae,Sphingopyxis,Unknown,0
S39,Bacteria,Proteobacteria,Gammaproteobacteria,Chromatiales,Ectothiorhodospiraceae,Unknown,Unknown,0
S39,Bacteria,Actinobacteria,Actinobacteria (class),Actinomycetales,Micrococcaceae,Unknown,Unknown,0
S39,Bacteria,Proteobacteria,Deltaproteobacteria,Myxococcales,Nannocystaceae,Nannocystis,Nannocystis sp,0
S39,Bacteria,Actinobacteria,Actinobacteria (class),Actinomycetales,Micromonosporaceae,Dactylosporangium,Dactylosporangium sp,0
S39,Bacteria,Bacteroidetes,Cytophagia,Cytophagales,Cytophagaceae,Adhaeribacter,Adhaeribacter sp,0
S39,Bacteria,Proteobacteria,Alphaproteobacteria,Rhodospirillales,Unknown,Unknown,Unknown,0
S39,Bacteria,Proteobacteria,Deltaproteobacteria,Bdellovibrionales,Bdellovibrionaceae,Vampirovibrio,Vampirovibrio chlorellavorus,0.00892352538743
S39,Bacteria,Actinobacteria,Actinobacteria (class),Actinomycetales,Micrococcaceae,Kocuria,Unknown,0
S39,Bacteria,Proteobacteria,Gammaproteobacteria,Xanthomonadales,Xanthomonadaceae,Dyella,Unknown,0
S39,Bacteria,Actinobacteria,Actinobacteria (class),Actinomycetales,Pseudonocardiaceae,Saccharopolyspora,Saccharopolyspora sp,0
S39,Bacteria,Planctomycetes,Planctomycetia,Planctomycetales,Unknown,Unknown,Unknown,0.0109065310291
S39,Bacteria,Proteobacteria,Gammaproteobacteria,Pseudomonadales,Unknown,Unknown,Unknown,0
S39,Bacteria,Firmicutes,Bacilli,Bacillales,Bacillaceae,Bacillus,Bacillus subtilis,0.000991502820826
S39,Bacteria,Proteobacteria,Deltaproteobacteria,Desulfurellales,Desulfurellaceae,Hippea,Hippea sp,0.00198300564165
S39,Bacteria,Actinobacteria,Actinobacteria (class),Actinomycetales,Nocardiaceae,Rhodococcus,Rhodococcus erythropolis,0.000991502820826
S39,Bacteria,Proteobacteria,Gammaproteobacteria,Pseudomonadales,Pseudomonadaceae,Cellvibrio,Unknown,0
S39,Bacteria,Proteobacteria,Alphaproteobacteria,Rhizobiales,Methylobacteriaceae,Microvirga,Microvirga sp,0
S39,Bacteria,Actinobacteria,Actinobacteria (class),Actinomycetales,Geodermatophilaceae,Unknown,Unknown,0
S39,Bacteria,Actinobacteria,Actinobacteria (class),Actinomycetales,Cryptosporangiaceae,Cryptosporangium,Unknown,0
S39,Bacteria,Actinobacteria,Actinobacteria (class),Actinomycetales,Nocardiaceae,Rhodococcus,Rhodococcus sp,0
S39,Bacteria,Proteobacteria,Alphaproteobacteria,Rhizobiales,Beijerinckiaceae,Unknown,Unknown,0
S39,Bacteria,Bacteroidetes,Sphingobacteriia,Sphingobacteriales,Chitinophagaceae,Segetibacter,Segetibacter koreensis,0
S39,Bacteria,Firmicutes,Clostridia,Thermoanaerobacterales,Thermodesulfobiaceae,Thermodesulfobium,Thermodesulfobium sp,0.0148725423124
S39,Bacteria,Bacteroidetes,Sphingobacteriia,Sphingobacteriales,Saprospiraceae,Haliscomenobacter,Haliscomenobacter sp,0
S39,Bacteria,Proteobacteria,Betaproteobacteria,Burkholderiales,Oxalobacteraceae,Janthinobacterium,Janthinobacterium sp,0
S39,Bacteria,Chloroflexi,Anaerolineae,Anaerolineales,Anaerolineaceae,Bellilinea,Bellilinea sp,0
S39,Bacteria,Proteobacteria,Epsilonproteobacteria,Campylobacterales,Campylobacteraceae,Arcobacter,Arcobacter sp,0
S39,Bacteria,Chloroflexi,Chloroflexi (class),Chloroflexales,Oscillochloridaceae,Oscillochloris,Unknown,0
S39,Bacteria,Gemmatimonadetes,Gemmatimonadetes (class),Gemmatimonadales,Gemmatimonadaceae,Gemmatimonas,Gemmatimonas aurantiaca,0
S39,Bacteria,Proteobacteria,Alphaproteobacteria,Rhizobiales,Phyllobacteriaceae,Nitratireductor,Nitratireductor sp,0
S39,Bacteria,Chloroflexi,Ktedonobacteria,Ktedonobacterales,Unknown,Unknown,Unknown,0
S39,Bacteria,Proteobacteria,Deltaproteobacteria,Bdellovibrionales,Bdellovibrionaceae,Bdellovibrio,Unknown,0
S39,Bacteria,Firmicutes,Bacilli,Lactobacillales,Carnobacteriaceae,Unknown,Unknown,0
S39,Bacteria,Proteobacteria,Betaproteobacteria,Rhodocyclales,Rhodocyclaceae,Rhodocyclus,Unknown,0
S39,Bacteria,Proteobacteria,Gammaproteobacteria,Pseudomonadales,Pseudomonadaceae,Unknown,Unknown,0
S39,Bacteria,Actinobacteria,Actinobacteria (class),Actinomycetales,Geodermatophilaceae,Blastococcus,Blastococcus saxobsidens,0
S39,Bacteria,Bacteroidetes,Flavobacteriia,Flavobacteriales,Cryomorphaceae,Crocinitomix,Crocinitomix sp,0
S39,Bacteria,Proteobacteria,Alphaproteobacteria,Rhodobacterales,Rhodobacteraceae,Rubellimicrobium,Rubellimicrobium sp,0
S39,Bacteria,Proteobacteria,Alphaproteobacteria,Rhizobiales,Hyphomicrobiaceae,Devosia,Devosia sp,0
S39,Bacteria,Firmicutes,Bacilli,Bacillales,Paenibacillaceae,Paenibacillus,Paenibacillus amylolyticus,0
S39,Bacteria,Proteobacteria,Deltaproteobacteria,Myxococcales,Polyangiaceae,Sorangium,Sorangium sp,0
S39,Bacteria,Proteobacteria,Gammaproteobacteria,Chromatiales,Chromatiaceae,Rheinheimera,Rheinheimera sp,0
S39,Bacteria,Proteobacteria,Betaproteobacteria,Burkholderiales,Comamonadaceae,Pelomonas,Unknown,0
S39,Bacteria,Actinobacteria,Actinobacteria (class),Actinomycetales,Pseudonocardiaceae,Amycolatopsis,Unknown,0
S39,Bacteria,Actinobacteria,Actinobacteria (class),Actinomycetales,Nocardioidaceae,Nocardioides,Nocardioides sp,0
S39,Bacteria,Bacteroidetes,Sphingobacteriia,Sphingobacteriales,Sphingobacteriaceae,Sphingoterrabacterium,Unknown,0
S39,Bacteria,Firmicutes,Clostridia,Clostridiales,Clostridiaceae,Unknown,Unknown,0
S39,Bacteria,Proteobacteria,Betaproteobacteria,Nitrosomonadales,Nitrosomonadaceae,Nitrosomonas,Nitrosomonas sp,0
S39,Bacteria,Proteobacteria,Betaproteobacteria,Betaproteobacteria (order),Betaproteobacteria (family),Aquamonas,Aquamonas sp,0
S39,Bacteria,Actinobacteria,Actinobacteria (class),Actinomycetales,Micromonosporaceae,Actinocatenispora,Actinocatenispora sp,0
S39,Bacteria,Firmicutes,Clostridia,Thermoanaerobacterales,Thermoanaerobacteraceae,Thermacetogenium,Thermacetogenium sp,0
S39,Bacteria,Cyanobacteria,Cyanobacteria (class),Chroococcales,Chroococcales (family),Unknown,Unknown,0
S39,Bacteria,Actinobacteria,Actinobacteria (class),Actinomycetales,Nocardioidaceae,Kribbella,Unknown,0
S39,Bacteria,Actinobacteria,Actinobacteria (class),Actinomycetales,Jiangellaceae,Jiangella,Unknown,0
S39,Bacteria,Proteobacteria,Alphaproteobacteria,Sphingomonadales,Sphingomonadaceae,Sphingomonas,Sphingomonas melonis,0
S39,Bacteria,Proteobacteria,Deltaproteobacteria,Desulfuromonadales,Pelobacteraceae,Malonomonas,Malonomonas sp,0
S39,Bacteria,Firmicutes,Bacilli,Lactobacillales,Carnobacteriaceae,Carnobacterium,Unknown,0
S39,Bacteria,Chloroflexi,Thermomicrobia,Sphaerobacterales,Sphaerobacteraceae,Sphaerobacter,Sphaerobacter thermophilus,0
S39,Bacteria,Verrucomicrobia,Verrucomicrobiae,Verrucomicrobiales,Verrucomicrobiaceae,Haloferula,Haloferula sp,0
S39,Bacteria,Chloroflexi,Anaerolineae,Anaerolineales,Anaerolineaceae,Anaerolinea,Anaerolinea sp,0
S39,Bacteria,Proteobacteria,Deltaproteobacteria,Myxococcales,Polyangiaceae,Byssovorax,Byssovorax sp,0
S39,Bacteria,Actinobacteria,Actinobacteria (class),Actinomycetales,Micromonosporaceae,Micromonospora,Micromonospora sp,0
S39,Bacteria,Proteobacteria,Alphaproteobacteria,Sphingomonadales,Erythrobacteraceae,Porphyrobacter,Unknown,0
S39,Bacteria,Bacteroidetes,Cytophagia,Cytophagales,Cytophagaceae,Runella,Unknown,0
S39,Bacteria,Proteobacteria,Gammaproteobacteria,Pseudomonadales,Moraxellaceae,Moraxella,Unknown,0
S39,Bacteria,Bacteroidetes,Flavobacteriia,Flavobacteriales,Flavobacteriaceae,Flavobacterium,Flavobacterium johnsoniae,0
S39,Bacteria,Proteobacteria,Alphaproteobacteria,Rhizobiales,Rhizobiaceae,Liberibacter,Liberibacter americanus,0
S39,Bacteria,Bacteroidetes,Flavobacteriia,Flavobacteriales,Flavobacteriaceae,Flavobacterium,Flavobacterium columnare,0
S39,Bacteria,Proteobacteria,Alphaproteobacteria,Rhodospirillales,Acetobacteraceae,Acetobacter,Unknown,0
S39,Bacteria,Bacteroidetes,Cytophagia,Cytophagales,Flammeovirgaceae,Flexithrix,Flexithrix sp,0
S39,Bacteria,Bacteroidetes,Cytophagia,Cytophagales,Cytophagaceae,Dyadobacter,Dyadobacter sp,0
S39,Bacteria,Proteobacteria,Alphaproteobacteria,Sphingomonadales,Sphingomonadaceae,Sphingopyxis,Sphingopyxis sp,0
S39,Bacteria,Bacteroidetes,Sphingobacteriia,Sphingobacteriales,Saprospiraceae,Haliscomenobacter,Unknown,0
S39,Bacteria,Chloroflexi,Chloroflexi (class),Chloroflexales,Unknown,Unknown,Unknown,0
S39,Bacteria,Proteobacteria,Betaproteobacteria,Burkholderiales,Burkholderiales (family),Unknown,Unknown,0
S39,Bacteria,Proteobacteria,Epsilonproteobacteria,Campylobacterales,Helicobacteraceae,Wolinella,Wolinella sp,0.00594901692495
S39,Bacteria,Cyanobacteria,Cyanobacteria (class),Nostocales,Nostocaceae,Unknown,Unknown,0
S39,Bacteria,Proteobacteria,Betaproteobacteria,Neisseriales,Neisseriaceae,Vogesella,Unknown,0
S39,Bacteria,Proteobacteria,Gammaproteobacteria,Enterobacteriales,Enterobacteriaceae,Escherichia,Unknown,0.000991502820826
S39,Bacteria,Proteobacteria,Betaproteobacteria,Burkholderiales,Burkholderiales (family),Thiobacter,Thiobacter subterraneus,0
S39,Bacteria,Chloroflexi,Chloroflexi (class),Herpetosiphonales,Herpetosiphonaceae,Herpetosiphon,Unknown,0
S39,Bacteria,Proteobacteria,Alphaproteobacteria,Rhizobiales,Methylocystaceae,Pleomorphomonas,Pleomorphomonas oryzae,0.00198300564165
S39,Bacteria,Verrucomicrobia,Verrucomicrobiae,Verrucomicrobiales,Verrucomicrobiaceae,Verrucomicrobium,Verrucomicrobium sp,0.0287535818039
S39,Bacteria,Firmicutes,Bacilli,Bacillales,Alicyclobacillaceae,Alicyclobacillus,Alicyclobacillus pomorum,0
S39,Bacteria,Firmicutes,Clostridia,Thermoanaerobacterales,Thermoanaerobacteraceae,Gelria,Gelria sp,0
S39,Bacteria,Proteobacteria,Betaproteobacteria,Rhodocyclales,Rhodocyclaceae,Zoogloea,Zoogloea sp,0
S39,Bacteria,Actinobacteria,Actinobacteria (class),Actinomycetales,Pseudonocardiaceae,Pseudonocardia,Pseudonocardia sp,0.000991502820826
S39,Bacteria,Proteobacteria,Alphaproteobacteria,Rhodospirillales,Acetobacteraceae,Acidocella,Acidocella sp,0
S39,Bacteria,Proteobacteria,Alphaproteobacteria,Rhizobiales,Bradyrhizobiaceae,Bosea,Bosea sp,0
S39,Bacteria,Bacteroidetes,Cytophagia,Cytophagales,Cytophagaceae,Spirosoma,Spirosoma sp,0
S39,Bacteria,Proteobacteria,Betaproteobacteria,Hydrogenophilales,Hydrogenophilaceae,Thiobacillus,Thiobacillus sp,0
S39,Bacteria,Proteobacteria,Betaproteobacteria,Burkholderiales,Comamonadaceae,Delftia,Unknown,0
S39,Bacteria,Proteobacteria,Alphaproteobacteria,Caulobacterales,Caulobacteraceae,Caulobacter,Caulobacter sp,0
S39,Bacteria,Proteobacteria,Gammaproteobacteria,Legionellales,Coxiellaceae,Rickettsiella,Rickettsiella sp,0.0079320225666
S39,Bacteria,Actinobacteria,Actinobacteria (class),Actinomycetales,Nocardioidaceae,Nocardioides,Nocardioides plantarum,0
S39,Bacteria,Proteobacteria,Deltaproteobacteria,Myxococcales,Polyangiaceae,Chondromyces,Unknown,0
S39,Bacteria,Cyanobacteria,Cyanobacteria (class),Chroococcales,Chroococcales (family),Chroococcus,Chroococcus sp,0
S39,Bacteria,Planctomycetes,Planctomycetia,Planctomycetales,Planctomycetaceae,Planctomyces,Planctomyces sp,0
S39,Bacteria,Proteobacteria,Alphaproteobacteria,Rhizobiales,Methylocystaceae,Unknown,Unknown,0
S39,Bacteria,Proteobacteria,Gammaproteobacteria,Methylococcales,Methylococcaceae,Methylobacter,Methylobacter sp,0
S39,Bacteria,Proteobacteria,Alphaproteobacteria,Rhizobiales,Bradyrhizobiaceae,Bradyrhizobium,Bradyrhizobium elkanii,0
S39,Bacteria,Firmicutes,Bacilli,Bacillales,Thermoactinomycetaceae,Laceyella,Laceyella putida,0
S39,Bacteria,Proteobacteria,Deltaproteobacteria,Bdellovibrionales,Bacteriovoracaceae,Unknown,Unknown,0
S39,Bacteria,Proteobacteria,Gammaproteobacteria,Pseudomonadales,Moraxellaceae,Moraxella,Moraxella catarrhalis,0
S39,Bacteria,Actinobacteria,Actinobacteria (class),Actinomycetales,Propionibacteriaceae,Propionibacterium,Unknown,0.0039660112833
S39,Bacteria,Firmicutes,Bacilli,Bacillales,Thermoactinomycetaceae,Laceyella,Laceyella sacchari,0
S39,Bacteria,Chloroflexi,Chloroflexi (class),Herpetosiphonales,Herpetosiphonaceae,Herpetosiphon,Herpetosiphon aurantiacus,0
S39,Bacteria,Actinobacteria,Actinobacteria (class),Actinomycetales,Micromonosporaceae,Micromonospora,Unknown,0
S39,Bacteria,Proteobacteria,Alphaproteobacteria,Rhizobiales,Brucellaceae,Ochrobactrum,Unknown,0
S39,Bacteria,Proteobacteria,Alphaproteobacteria,Rhodospirillales,Acetobacteraceae,Acidiphilium,Acidiphilium sp,0
S39,Bacteria,Firmicutes,Clostridia,Clostridiales,Clostridiaceae,Clostridium,Clostridium butyricum,0.00198300564165
S39,Bacteria,Firmicutes,Clostridia,Clostridiales,Lachnospiraceae,Sporobacterium,Sporobacterium sp,0
S39,Bacteria,Firmicutes,Erysipelotrichia,Erysipelotrichales,Erysipelotrichaceae,Turicibacter,Unknown,0
S39,Bacteria,Fusobacteria,Fusobacteriia,Fusobacteriales,Fusobacteriaceae,Unknown,Unknown,0
S39,Bacteria,Proteobacteria,Betaproteobacteria,Methylophilales,Methylophilaceae,Unknown,Unknown,0
S39,Bacteria,Proteobacteria,Gammaproteobacteria,Legionellales,Legionellaceae,Legionella,Legionella sp,0.0247875705206
S39,Bacteria,Proteobacteria,Alphaproteobacteria,Alphaproteobacteria (order),Alphaproteobacteria (family),Micavibrio,Unknown,0.022804564879
S39,Bacteria,Verrucomicrobia,Opitutae,Opitutales,Opitutaceae,Opitutus,Opitutus terrae,0
S39,Bacteria,Bacteroidetes,Sphingobacteriia,Sphingobacteriales,Chitinophagaceae,Niastella,Unknown,0
S39,Bacteria,Proteobacteria,Deltaproteobacteria,Deltaproteobacteria (order),Deltaproteobacteria (family),Entotheonella,Entotheonella palauensis,0
S39,Bacteria,Bacteroidetes,Flavobacteriia,Flavobacteriales,Unknown,Unknown,Unknown,0
S39,Bacteria,Planctomycetes,Planctomycetia,Planctomycetales,Planctomycetaceae,Gemmata,Gemmata obscuriglobus,0
S39,Bacteria,Proteobacteria,Gammaproteobacteria,Xanthomonadales,Xanthomonadaceae,Dyella,Dyella sp,0
S39,Bacteria,Proteobacteria,Alphaproteobacteria,Rhizobiales,Methylocystaceae,Methylocystis,Unknown,0
S39,Bacteria,Proteobacteria,Gammaproteobacteria,Enterobacteriales,Enterobacteriaceae,Serratia,Unknown,0
S39,Bacteria,Firmicutes,Clostridia,Clostridiales,Clostridiaceae,Candidatus Arthromitus,Candidatus Arthromitus sp,0.00297450846248
S39,Bacteria,Cyanobacteria,Cyanobacteria (class),Nostocales,Nostocaceae,Nostoc,Nostoc sp,0
S39,Bacteria,Proteobacteria,Deltaproteobacteria,Desulfobacterales,Desulfobacteraceae,Desulforegula,Desulforegula sp,0
S39,Bacteria,Actinobacteria,Actinobacteria (class),Actinomycetales,Microbacteriaceae,Agromyces,Unknown,0
S39,Bacteria,Proteobacteria,Deltaproteobacteria,Myxococcales,Myxococcaceae,Unknown,Unknown,0
S39,Bacteria,Firmicutes,Bacilli,Bacillales,Paenibacillaceae,Aneurinibacillus,Aneurinibacillus terranovensis,0
S39,Bacteria,Proteobacteria,Gammaproteobacteria,Oceanospirillales,Saccharospirillaceae,Saccharospirillum,Saccharospirillum sp,0
S39,Bacteria,Proteobacteria,Alphaproteobacteria,Rhodobacterales,Rhodobacteraceae,Rubellimicrobium,Unknown,0
S39,Bacteria,Proteobacteria,Alphaproteobacteria,Rhodospirillales,Acetobacteraceae,Roseomonas,Roseomonas gilardii,0
S39,Bacteria,Proteobacteria,Alphaproteobacteria,Sphingomonadales,Sphingomonadaceae,Novosphingobium,Unknown,0
S39,Bacteria,Actinobacteria,Actinobacteria (class),Actinomycetales,Streptosporangiaceae,Unknown,Unknown,0
S39,Bacteria,Bacteroidetes,Cytophagia,Cytophagales,Cytophagaceae,Dyadobacter,Unknown,0
S39,Bacteria,Proteobacteria,Betaproteobacteria,Rhodocyclales,Rhodocyclaceae,Thauera,Thauera butanivorans,0
S39,Bacteria,Proteobacteria,Gammaproteobacteria,Xanthomonadales,Unknown,Unknown,Unknown,0
S39,Bacteria,Bacteroidetes,Sphingobacteriia,Sphingobacteriales,Chitinophagaceae,Terrimonas,Unknown,0
S39,Bacteria,Deinococcus-Thermus,Deinococci,Deinococcales,Trueperaceae,Truepera,Truepera sp,0
S39,Bacteria,Proteobacteria,Epsilonproteobacteria,Campylobacterales,Helicobacteraceae,Helicobacter,Helicobacter sp,0
S39,Bacteria,Acidobacteria,Holophagae,Holophagales,Holophagaceae,Geothrix,Unknown,0
S39,Bacteria,Firmicutes,Bacilli,Lactobacillales,Lactobacillaceae,Lactobacillus,Unknown,0
S39,Bacteria,Proteobacteria,Alphaproteobacteria,Rhizobiales,Methylocystaceae,Methylocystis,Methylocystis sp,0.000991502820826
S39,Bacteria,Chloroflexi,Thermomicrobia,Thermomicrobiales,Thermomicrobiaceae,Thermomicrobium,Thermomicrobium sp,0
S39,Bacteria,Proteobacteria,Alphaproteobacteria,Rhodobacterales,Rhodobacteraceae,Oceanicola,Oceanicola sp,0
S39,Bacteria,Actinobacteria,Actinobacteria (class),Actinomycetales,Intrasporangiaceae,Janibacter,Janibacter anophelis,0.00694051974578
S39,Bacteria,Lentisphaerae,Lentisphaeria,Lentisphaerales,Victivallaceae,Victivallis,Victivallis sp,0
S39,Bacteria,Actinobacteria,Actinobacteria (class),Actinomycetales,Microbacteriaceae,Curtobacterium,Unknown,0
S39,Bacteria,Cyanobacteria,Cyanobacteria (class),Chroococcales,Chroococcales (family),Cyanobacterium,Cyanobacterium sp,0
S39,Bacteria,Proteobacteria,Betaproteobacteria,Methylophilales,Methylophilaceae,Methylophilus,Unknown,0
S39,Bacteria,Proteobacteria,Gammaproteobacteria,Legionellales,Legionellaceae,Legionella,Unknown,0
S39,Bacteria,Proteobacteria,Gammaproteobacteria,Xanthomonadales,Xanthomonadaceae,Dokdonella,Dokdonella sp,0
S39,Bacteria,Proteobacteria,Alphaproteobacteria,Rhizobiales,Beijerinckiaceae,Methylocapsa,Methylocapsa sp,0
S39,Bacteria,Nitrospirae,Nitrospira (class),Nitrospirales,Nitrospiraceae,Nitrospira,Unknown,0
S39,Bacteria,Firmicutes,Bacilli,Bacillales,Planococcaceae,Ureibacillus,Ureibacillus sp,0
S39,Bacteria,Bacteroidetes,Cytophagia,Cytophagales,Cytophagaceae,Emticicia,Unknown,0
S39,Bacteria,Proteobacteria,Betaproteobacteria,Burkholderiales,Burkholderiales (family),Ideonella,Ideonella sp,0
S39,Bacteria,Proteobacteria,Gammaproteobacteria,Legionellales,Unknown,Unknown,Unknown,0
S39,Bacteria,Proteobacteria,Alphaproteobacteria,Rhodospirillales,Rhodospirillaceae,Azospirillum,Azospirillum canadense,0
S39,Bacteria,Proteobacteria,Alphaproteobacteria,Rhodospirillales,Acetobacteraceae,Gluconobacter,Unknown,0.000991502820826
S39,Bacteria,Actinobacteria,Actinobacteria (class),Thermoleophilales,Thermoleophilaceae,Thermoleophilum,Thermoleophilum sp,0
S39,Bacteria,Actinobacteria,Actinobacteria (class),Actinomycetales,Actinospicaceae,Actinospica,Unknown,0
S39,Bacteria,Proteobacteria,Alphaproteobacteria,Rhodospirillales,Rhodospirillaceae,Magnetospirillum,Unknown,0.00297450846248
S39,Bacteria,Actinobacteria,Actinobacteria (class),Solirubrobacterales,Conexibacteraceae,Conexibacter,Conexibacter woesei,0
S39,Bacteria,Firmicutes,Bacilli,Bacillales,Bacillaceae,Unknown,Unknown,0
S39,Bacteria,Deinococcus-Thermus,Deinococci,Thermales,Thermaceae,Thermus,Thermus sp,0
S39,Bacteria,Proteobacteria,Alphaproteobacteria,Caulobacterales,Caulobacteraceae,Phenylobacterium,Phenylobacterium sp,0
S39,Bacteria,Proteobacteria,Alphaproteobacteria,Rickettsiales,Rickettsiales (family),Odyssella,Odyssella thessalonicensis,0
S39,Bacteria,Proteobacteria,Gammaproteobacteria,Methylococcales,Methylococcaceae,Methylothermus,Methylothermus sp,0.00991502820826
S39,Bacteria,Bacteroidetes,Cytophagia,Cytophagales,Cytophagaceae,Arcicella,Arcicella sp,0
S39,Bacteria,Actinobacteria,Actinobacteria (class),Actinomycetales,Kineosporiaceae,Kineosporia,Kineosporia sp,0
S39,Bacteria,Verrucomicrobia,Spartobacteria,Spartobacteria (order),Spartobacteria (family),Chthoniobacter,Chthoniobacter flavus,0
S39,Bacteria,Proteobacteria,Alphaproteobacteria,Rickettsiales,Rickettsiaceae,Rickettsia,Unknown,0
S39,Bacteria,Firmicutes,Bacilli,Bacillales,Thermoactinomycetaceae,Unknown,Unknown,0
S39,Bacteria,Bacteroidetes,Cytophagia,Cytophagales,Cytophagaceae,Pontibacter,Pontibacter sp,0
S39,Bacteria,Firmicutes,Clostridia,Clostridiales,Ruminococcaceae,Acetivibrio,Acetivibrio sp,0
S39,Bacteria,Proteobacteria,Gammaproteobacteria,Xanthomonadales,Xanthomonadaceae,Kaistibacter,Kaistibacter ginsenosidimutans,0
S39,Bacteria,Proteobacteria,Deltaproteobacteria,Myxococcales,Haliangiaceae,Haliangium,Haliangium sp,0
S39,Bacteria,Proteobacteria,Betaproteobacteria,Rhodocyclales,Rhodocyclaceae,Thauera,Unknown,0
S39,Bacteria,Cyanobacteria,Cyanobacteria (class),Nostocales,Unknown,Unknown,Unknown,0
S39,Bacteria,Proteobacteria,Betaproteobacteria,Burkholderiales,Oxalobacteraceae,Massilia,Massilia brevitalea,0
S39,Bacteria,Proteobacteria,Gammaproteobacteria,Xanthomonadales,Xanthomonadaceae,Aquimonas,Unknown,0
S39,Bacteria,Proteobacteria,Betaproteobacteria,Burkholderiales,Oxalobacteraceae,Duganella,Unknown,0
S39,Bacteria,Bacteroidetes,Cytophagia,Cytophagales,Cytophagaceae,Sporocytophaga,Sporocytophaga sp,0
S39,Bacteria,Firmicutes,Clostridia,Clostridiales,Ruminococcaceae,Sporobacter,Unknown,0
S39,Bacteria,Chloroflexi,Anaerolineae,Anaerolineales,Anaerolineaceae,Unknown,Unknown,0
S39,Bacteria,Bacteroidetes,Bacteroidia,Bacteroidales,Bacteroidaceae,Bacteroides,Unknown,0
S39,Bacteria,Actinobacteria,Actinobacteria (class),Actinomycetales,Thermomonosporaceae,Thermomonospora,Thermomonospora sp,0
S39,Bacteria,Proteobacteria,Alphaproteobacteria,Sphingomonadales,Sphingomonadaceae,Sphingobium,Unknown,0
S39,Bacteria,Proteobacteria,Betaproteobacteria,Neisseriales,Neisseriaceae,Vogesella,Vogesella indigofera,0
S39,Bacteria,Cyanobacteria,Cyanobacteria (class),Oscillatoriales,Oscillatoriales (family),Phormidium,Phormidium autumnale,0
S39,Bacteria,Cyanobacteria,Cyanobacteria (class),Chroococcales,Chroococcales (family),Microcystis,Unknown,0
S39,Bacteria,Bacteroidetes,Cytophagia,Cytophagales,Cytophagaceae,Larkinella,Larkinella sp,0
S39,Bacteria,Nitrospirae,Nitrospira (class),Nitrospirales,Nitrospiraceae,Magnetobacterium,Magnetobacterium sp,0
S39,Bacteria,Verrucomicrobia,Verrucomicrobiae,Verrucomicrobiales,Verrucomicrobiaceae,Unknown,Unknown,0
S39,Bacteria,Actinobacteria,Actinobacteria (class),Acidimicrobiales,Acidimicrobiaceae,Ilumatobacter,Ilumatobacter fluminis,0
S39,Bacteria,Proteobacteria,Gammaproteobacteria,Legionellales,Coxiellaceae,Aquicella,Unknown,0.0118980338499
S39,Bacteria,Proteobacteria,Alphaproteobacteria,Rhodospirillales,Acetobacteraceae,Oleomonas,Oleomonas sp,0
S39,Bacteria,Proteobacteria,Gammaproteobacteria,Xanthomonadales,Xanthomonadaceae,Aquimonas,Aquimonas sp,0
S39,Bacteria,Proteobacteria,Alphaproteobacteria,Rhodospirillales,Rhodospirillaceae,Phaeospirillum,Phaeospirillum sp,0
S39,Bacteria,Proteobacteria,Alphaproteobacteria,Rhizobiales,Hyphomicrobiaceae,Rhodomicrobium,Rhodomicrobium sp,0
S39,Bacteria,Proteobacteria,Gammaproteobacteria,Enterobacteriales,Enterobacteriaceae,Pantoea,Unknown,0
S39,Bacteria,Proteobacteria,Alphaproteobacteria,Rhizobiales,Phyllobacteriaceae,Parvibaculum,Parvibaculum sp,0
S39,Bacteria,Proteobacteria,Gammaproteobacteria,Enterobacteriales,Enterobacteriaceae,Rahnella,Unknown,0
S39,Bacteria,Firmicutes,Bacilli,Bacillales,Paenibacillaceae,Ammoniphilus,Unknown,0
S39,Bacteria,Proteobacteria,Alphaproteobacteria,Sphingomonadales,Erythrobacteraceae,Erythrobacter,Erythrobacter sp,0
S39,Bacteria,Proteobacteria,Deltaproteobacteria,Desulfuromonadales,Geobacteraceae,Geopsychrobacter,Geopsychrobacter sp,0
S39,Bacteria,Proteobacteria,Betaproteobacteria,Neisseriales,Neisseriaceae,Deefgea,Unknown,0
S39,Bacteria,Proteobacteria,Alphaproteobacteria,Rhodobacterales,Rhodobacteraceae,Rhodobacter,Rhodobacter sp,0
S39,Bacteria,Chloroflexi,Ktedonobacteria,Ktedonobacterales,Thermosporotrichaceae,Thermosporothrix,Thermosporothrix hazakensis,0
S39,Bacteria,Proteobacteria,Betaproteobacteria,Rhodocyclales,Rhodocyclaceae,Azospira,Azospira sp,0
S39,Bacteria,Proteobacteria,Alphaproteobacteria,Rhizobiales,Rhizobiaceae,Sinorhizobium,Sinorhizobium meliloti,0
S39,Bacteria,Bacteroidetes,Bacteroidia,Bacteroidales,Porphyromonadaceae,Petrimonas,Petrimonas sp,0
S39,Bacteria,Firmicutes,Clostridia,Clostridiales,Ruminococcaceae,Faecalibacterium,Faecalibacterium sp,0
S39,Bacteria,Actinobacteria,Actinobacteria (class),Actinomycetales,Kineosporiaceae,Kineococcus,Unknown,0
S39,Bacteria,Proteobacteria,Alphaproteobacteria,Rhodospirillales,Acetobacteraceae,Rhodopila,Rhodopila globiformis,0
S39,Bacteria,Cyanobacteria,Cyanobacteria (class),Oscillatoriales,Oscillatoriales (family),Leptolyngbya,Unknown,0
S39,Bacteria,Proteobacteria,Betaproteobacteria,Burkholderiales,Alcaligenaceae,Derxia,Unknown,0
S39,Bacteria,Firmicutes,Erysipelotrichia,Erysipelotrichales,Erysipelotrichaceae,Erysipelothrix,Erysipelothrix sp,0
S39,Bacteria,Proteobacteria,Deltaproteobacteria,Desulfobacterales,Desulfobulbaceae,Desulfofustis,Desulfofustis sp,0.00892352538743
S39,Bacteria,Proteobacteria,Gammaproteobacteria,Chromatiales,Ectothiorhodospiraceae,Thiorhodospira,Thiorhodospira sp,0
S39,Bacteria,Proteobacteria,Betaproteobacteria,Burkholderiales,Comamonadaceae,Macromonas,Macromonas sp,0
S39,Bacteria,Actinobacteria,Actinobacteria (class),Actinomycetales,Nakamurellaceae,Nakamurella,Unknown,0
S39,Bacteria,Proteobacteria,Alphaproteobacteria,Rhodobacterales,Unknown,Unknown,Unknown,0
S39,Bacteria,Proteobacteria,Alphaproteobacteria,Rhodospirillales,Acetobacteraceae,Roseococcus,Unknown,0
S39,Bacteria,Deinococcus-Thermus,Deinococci,Deinococcales,Deinococcaceae,Deinococcus,Deinococcus yavapaiensis,0
S39,Bacteria,Proteobacteria,Alphaproteobacteria,Rhizobiales,Xanthobacteraceae,Labrys,Unknown,0
S39,Bacteria,Proteobacteria,Alphaproteobacteria,Rickettsiales,Holosporaceae,Captivus,Captivus acidiprotistae,0
S39,Bacteria,Chloroflexi,Thermomicrobia,Sphaerobacterales,Sphaerobacteraceae,Sphaerobacter,Sphaerobacter sp,0
S39,Bacteria,Proteobacteria,Alphaproteobacteria,Rhodobacterales,Rhodobacteraceae,Amaricoccus,Amaricoccus sp,0
S39,Bacteria,Proteobacteria,Betaproteobacteria,Burkholderiales,Comamonadaceae,Hydrogenophaga,Unknown,0
S39,Bacteria,Proteobacteria,Deltaproteobacteria,Bdellovibrionales,Bacteriovoracaceae,Bacteriovorax,Bacteriovorax sp,0
S39,Bacteria,Cyanobacteria,Cyanobacteria (class),Cyanobacteria (class),Nostocales,Nostocaceae,Unknown,0
S39,Bacteria,Cyanobacteria,Cyanobacteria (class),Oscillatoriales,Oscillatoriales (family),Leptolyngbya,Leptolyngbya sp,0
S39,Bacteria,Chlamydiae,Chlamydiia,Chlamydiales,Parachlamydiaceae,Neochlamydia,Neochlamydia sp,0
S39,Bacteria,Proteobacteria,Alphaproteobacteria,Rhodobacterales,Rhodobacteraceae,Rhodobacter,Rhodobacter sphaeroides,0
S39,Bacteria,Proteobacteria,Alphaproteobacteria,Rhizobiales,Brucellaceae,Unknown,Unknown,0
S39,Bacteria,Proteobacteria,Alphaproteobacteria,Rhizobiales,Phyllobacteriaceae,Pseudaminobacter,Pseudaminobacter sp,0
S39,Bacteria,Proteobacteria,Betaproteobacteria,Neisseriales,Neisseriaceae,Kingella,Kingella oralis,0
S39,Bacteria,Proteobacteria,Alphaproteobacteria,Rhodospirillales,Acetobacteraceae,Kozakia,Kozakia baliensis,0
S39,Bacteria,Proteobacteria,Alphaproteobacteria,Alphaproteobacteria (order),Alphaproteobacteria (family),Micavibrio,Micavibrio sp,0
S39,Bacteria,Proteobacteria,Gammaproteobacteria,Pseudomonadales,Moraxellaceae,Alkanindiges,Alkanindiges sp,0
S39,Bacteria,Proteobacteria,Alphaproteobacteria,Rhizobiales,Methylocystaceae,Methylosinus,Methylosinus sp,0.00198300564165
S39,Bacteria,Proteobacteria,Alphaproteobacteria,Rhodospirillales,Rhodospirillaceae,Rhodovibrio,Rhodovibrio sp,0
S39,Bacteria,Proteobacteria,Alphaproteobacteria,Rhodobacterales,Rhodobacteraceae,Amaricoccus,Unknown,0
S39,Bacteria,Proteobacteria,Deltaproteobacteria,Syntrophobacterales,Syntrophaceae,Desulfobacca,Desulfobacca sp,0
S39,Bacteria,Cyanobacteria,Cyanobacteria (class),Chroococcales,Chroococcales (family),Chamaesiphon,Chamaesiphon subglobosus,0
S39,Bacteria,Proteobacteria,Betaproteobacteria,Burkholderiales,Comamonadaceae,Variovorax,Variovorax paradoxus,0
S39,Bacteria,Proteobacteria,Deltaproteobacteria,Myxococcales,Cystobacteraceae,Stigmatella,Stigmatella koreensis,0
S39,Bacteria,Bacteroidetes,Bacteroidetes (class),Bacteroidetes (order),Rhodothermaceae,Rhodothermus,Rhodothermus sp,0
S39,Bacteria,Proteobacteria,Alphaproteobacteria,Rhizobiales,Beijerinckiaceae,Chelatococcus,Chelatococcus sp,0
S39,Bacteria,Bacteroidetes,Cytophagia,Cytophagales,Cytophagaceae,Emticicia,Emticicia sp,0
S39,Bacteria,Proteobacteria,Gammaproteobacteria,Legionellales,Coxiellaceae,Coxiella,Unknown,0
S39,Bacteria,Proteobacteria,Gammaproteobacteria,Pseudomonadales,Moraxellaceae,Unknown,Unknown,0
S39,Bacteria,Firmicutes,Bacilli,Bacillales,Staphylococcaceae,Staphylococcus,Staphylococcus aureus,0
S39,Bacteria,Actinobacteria,Actinobacteria (class),Actinomycetales,Promicromonosporaceae,Cellulosimicrobium,Unknown,0
S39,Bacteria,Proteobacteria,Gammaproteobacteria,Alteromonadales,Alteromonadaceae,Microbulbifer,Microbulbifer sp,0
S39,Bacteria,Proteobacteria,Alphaproteobacteria,Alphaproteobacteria (order),Alphaproteobacteria (family),Micavibrio,Micavibrio aeruginosavorus,0
S39,Bacteria,Chloroflexi,Anaerolineae,Anaerolineales,Anaerolineaceae,Levilinea,Levilinea saccharolytica,0
S39,Bacteria,Proteobacteria,Alphaproteobacteria,Rickettsiales,Anaplasmataceae,Anaplasma,Unknown,0
S39,Bacteria,Cyanobacteria,Cyanobacteria (class),Nostocales,Nostocaceae,Aphanizomenon,Aphanizomenon sp,0
S39,Bacteria,Proteobacteria,Alphaproteobacteria,Rhodospirillales,Rhodospirillaceae,Defluviicoccus,Defluviicoccus vanus,0
S39,Bacteria,Fibrobacteres,Fibrobacteria,Fibrobacterales,Fibrobacteraceae,Fibrobacter,Fibrobacter sp,0
S39,Bacteria,Bacteroidetes,Bacteroidia,Bacteroidales,Porphyromonadaceae,Porphyromonas,Porphyromonas sp,0
S39,Bacteria,Proteobacteria,Gammaproteobacteria,Oceanospirillales,Halomonadaceae,Halomonas,Halomonas sp,0
S39,Bacteria,Actinobacteria,Actinobacteria (class),Actinomycetales,Thermomonosporaceae,Actinoallomurus,Actinoallomurus sp,0
S39,Bacteria,Proteobacteria,Epsilonproteobacteria,Campylobacterales,Campylobacteraceae,Sulfurospirillum,Unknown,0
S39,Bacteria,Proteobacteria,Alphaproteobacteria,Rickettsiales,Rickettsiaceae,Rickettsia,Rickettsia sp,0
S39,Bacteria,Proteobacteria,Gammaproteobacteria,Legionellales,Coxiellaceae,Coxiella,Coxiella sp,0
S39,Bacteria,Cyanobacteria,Cyanobacteria (class),Chroococcales,Chroococcales (family),Microcystis,Microcystis aeruginosa,0
S39,Bacteria,Proteobacteria,Deltaproteobacteria,Myxococcales,Myxococcaceae,Anaeromyxobacter,Unknown,0
S39,Bacteria,Proteobacteria,Alphaproteobacteria,Rhizobiales,Methylocystaceae,Pleomorphomonas,Unknown,0
S39,Bacteria,Proteobacteria,Gammaproteobacteria,Methylococcales,Methylococcaceae,Methylomicrobium,Unknown,0
S39,Bacteria,Proteobacteria,Alphaproteobacteria,Caulobacterales,Caulobacteraceae,Caulobacter,Unknown,0
S39,Bacteria,Proteobacteria,Alphaproteobacteria,Rhodospirillales,Rhodospirillaceae,Tistrella,Tistrella sp,0
S39,Bacteria,Proteobacteria,Gammaproteobacteria,Pseudomonadales,Moraxellaceae,Perlucidibaca,Unknown,0
S39,Bacteria,Proteobacteria,Alphaproteobacteria,Rhodobacterales,Rhodobacteraceae,Pseudovibrio,Pseudovibrio sp,0
S39,Bacteria,Proteobacteria,Alphaproteobacteria,Rhodospirillales,Rhodospirillaceae,Magnetospirillum,Magnetospirillum sp,0
S39,Bacteria,Acidobacteria,Acidobacteriia,Acidobacteriales,Acidobacteriaceae,Terriglobus,Terriglobus sp,0
S39,Bacteria,Proteobacteria,Betaproteobacteria,Burkholderiales,Burkholderiaceae,Polynucleobacter,Polynucleobacter cosmopolitanus,0
S39,Bacteria,Firmicutes,Negativicutes,Selenomonadales,Veillonellaceae,Sporotalea,Unknown,0
S39,Bacteria,Proteobacteria,Alphaproteobacteria,Rhizobiales,Hyphomicrobiaceae,Blastochloris,Blastochloris sulfoviridis,0
S39,Bacteria,Proteobacteria,Deltaproteobacteria,Syntrophobacterales,Syntrophaceae,Smithella,Smithella sp,0
S39,Bacteria,Planctomycetes,Planctomycetia,Planctomycetales,Planctomycetales (family),Nostocoida (Planctomycetales),Nostocoida limicola planctomycetales,0.000991502820826
S39,Bacteria,Cyanobacteria,Cyanobacteria (class),Prochlorales,Prochloraceae,Prochloron,Prochloron sp,0
S39,Bacteria,Proteobacteria,Gammaproteobacteria,Xanthomonadales,Xanthomonadaceae,Xanthomonas,Unknown,0
S39,Bacteria,Proteobacteria,Betaproteobacteria,Burkholderiales,Burkholderiaceae,Paucimonas,Paucimonas lemoignei,0
S39,Bacteria,Actinobacteria,Actinobacteria (class),Actinomycetales,Corynebacteriaceae,Corynebacterium,Unknown,0
S39,Bacteria,Bacteroidetes,Sphingobacteriia,Sphingobacteriales,Chitinophagaceae,Solibium,Solibium sp,0
S39,Bacteria,Cyanobacteria,Cyanobacteria (class),Nostocales,Nostocaceae,Nostoc,Unknown,0
S39,Bacteria,Actinobacteria,Actinobacteria (class),Actinomycetales,Kineosporiaceae,Kineosporia,Unknown,0
S39,Bacteria,Actinobacteria,Actinobacteria (class),Actinomycetales,Nocardioidaceae,Friedmanniella,Friedmanniella capsulata,0
S39,Bacteria,Proteobacteria,Gammaproteobacteria,Legionellales,Coxiellaceae,Aquicella,Aquicella sp,0
S39,Bacteria,Proteobacteria,Gammaproteobacteria,Legionellales,Legionellaceae,Legionella,Legionella pneumophila,0
S39,Bacteria,Proteobacteria,Betaproteobacteria,Burkholderiales,Comamonadaceae,Delftia,Delftia tsuruhatensis,0
S39,Bacteria,Proteobacteria,Betaproteobacteria,Burkholderiales,Burkholderiaceae,Cupriavidus,Cupriavidus sp,0
S39,Bacteria,Proteobacteria,Betaproteobacteria,Burkholderiales,Burkholderiales (family),Aquabacterium,Aquabacterium sp,0
S39,Bacteria,Proteobacteria,Alphaproteobacteria,Rhodospirillales,Acetobacteraceae,Gluconacetobacter,Unknown,0
S39,Bacteria,Proteobacteria,Alphaproteobacteria,Rhodospirillales,Acetobacteraceae,Acidocella,Unknown,0
S39,Bacteria,Proteobacteria,Alphaproteobacteria,Rhodospirillales,Rhodospirillaceae,Rhodocista,Rhodocista pekingensis,0
S39,Bacteria,Verrucomicrobia,Opitutae,Opitutales,Opitutaceae,Opitutus,Opitutus sp,0
